#object_id;description;result_timestamp;noise_event_laeq_model_id;noise_event_laeq_model_id_unit;noise_event_laeq_primary_detected_certainty;noise_event_laeq_primary_detected_certainty_unit;noise_event_laeq_primary_detected_class;noise_event_laeq_primary_detected_class_unit
280324;MP08bis - Vrijthof;04/04/2022 07:43:51.473;;;;%;;
280324;MP08bis - Vrijthof;07/04/2022 13:36:38.724;;;;%;;
280324;MP08bis - Vrijthof;07/04/2022 15:08:48.734;;;;%;;
280324;MP08bis - Vrijthof;07/04/2022 15:27:47.735;;;;%;;
280324;MP08bis - Vrijthof;07/04/2022 16:07:27.739;;;;%;;
280324;MP08bis - Vrijthof;07/04/2022 18:22:06.749;;;;%;;
280324;MP08bis - Vrijthof;09/04/2022 16:33:03.870;;;;%;;
280324;MP08bis - Vrijthof;09/04/2022 18:55:37.881;;;;%;;
280324;MP08bis - Vrijthof;13/04/2022 12:31:13.437;;;;%;;
280324;MP08bis - Vrijthof;20/04/2022 12:30:42.859;16;;100;%;Transport road - Passenger car;
280324;MP08bis - Vrijthof;20/04/2022 17:14:52.918;16;;0;%;Unsupported;
280324;MP08bis - Vrijthof;20/04/2022 23:34:18.988;16;;0;%;Unsupported;
280324;MP08bis - Vrijthof;24/04/2022 21:07:33.918;16;;100;%;Nature elements - Wind;
280324;MP08bis - Vrijthof;24/04/2022 21:07:52.918;16;;100;%;Nature elements - Wind;
280324;MP08bis - Vrijthof;02/05/2022 15:22:50.625;16;;0;%;Unsupported;
280324;MP08bis - Vrijthof;09/05/2022 13:15:12.900;16;;100;%;Transport road - Siren;
280324;MP08bis - Vrijthof;10/05/2022 03:35:53.298;16;;100;%;Transport road - Siren;
280324;MP08bis - Vrijthof;12/05/2022 06:52:59.124;16;;83;%;Transport road - Siren;
280324;MP08bis - Vrijthof;17/05/2022 06:17:17.606;16;;0;%;Unsupported;
280324;MP08bis - Vrijthof;17/05/2022 22:07:24.122;16;;100;%;Transport road - Siren;
280324;MP08bis - Vrijthof;20/05/2022 13:19:29.701;16;;0;%;Unsupported;
280324;MP08bis - Vrijthof;20/05/2022 13:27:39.703;16;;0;%;Unsupported;
280324;MP08bis - Vrijthof;23/05/2022 17:10:34.539;16;;100;%;Human voice - Shouting;
280324;MP08bis - Vrijthof;23/05/2022 17:16:19.540;16;;100;%;Human voice - Shouting;
280324;MP08bis - Vrijthof;27/05/2022 21:57:32.426;16;;0;%;Unsupported;
280324;MP08bis - Vrijthof;13/06/2022 16:58:29.660;16;;100;%;Transport road - Siren;
280324;MP08bis - Vrijthof;13/06/2022 20:22:19.705;16;;0;%;Unsupported;
280324;MP08bis - Vrijthof;16/06/2022 20:02:31.802;16;;100;%;Transport road - Siren;
280324;MP08bis - Vrijthof;21/06/2022 19:16:06.518;16;;0;%;Unsupported;
280324;MP08bis - Vrijthof;24/06/2022 01:09:44.371;16;;0;%;Unsupported;
280324;MP08bis - Vrijthof;26/06/2022 06:43:02.419;16;;83;%;Transport road - Siren;
280324;MP08bis - Vrijthof;26/06/2022 23:12:18.640;16;;100;%;Transport road - Siren;
280324;MP08bis - Vrijthof;29/06/2022 15:51:50.306;16;;100;%;Transport road - Siren;
280324;MP08bis - Vrijthof;02/07/2022 03:12:02.337;16;;100;%;Transport road - Siren;
280324;MP08bis - Vrijthof;02/07/2022 14:40:35.488;16;;79;%;Transport road - Siren;
280324;MP08bis - Vrijthof;02/07/2022 15:31:12.501;16;;100;%;Transport road - Siren;
280324;MP08bis - Vrijthof;04/07/2022 18:00:30.264;16;;100;%;Nature elements - Wind;
280324;MP08bis - Vrijthof;05/07/2022 10:09:47.473;16;;90;%;Transport road - Siren;
280324;MP08bis - Vrijthof;08/07/2022 10:35:14.915;16;;0;%;Unsupported;
280324;MP08bis - Vrijthof;10/07/2022 05:50:18.818;16;;100;%;Transport road - Siren;
280324;MP08bis - Vrijthof;10/07/2022 11:30:16.118;16;;92;%;Human voice - Shouting;
280324;MP08bis - Vrijthof;10/07/2022 11:30:50.118;16;;100;%;Human voice - Shouting;
280324;MP08bis - Vrijthof;10/07/2022 11:31:24.120;16;;100;%;Human voice - Shouting;
280324;MP08bis - Vrijthof;10/07/2022 11:32:41.120;16;;89;%;Human voice - Shouting;
280324;MP08bis - Vrijthof;10/07/2022 11:33:12.119;16;;89;%;Human voice - Shouting;
280324;MP08bis - Vrijthof;10/07/2022 11:33:51.120;16;;100;%;Human voice - Shouting;
280324;MP08bis - Vrijthof;10/07/2022 11:34:19.120;16;;100;%;Human voice - Shouting;
280324;MP08bis - Vrijthof;20/07/2022 11:41:20.777;16;;88;%;Transport road - Passenger car;
280324;MP08bis - Vrijthof;23/07/2022 23:23:22.994;16;;100;%;Transport road - Siren;
280324;MP08bis - Vrijthof;28/07/2022 13:25:54.444;16;;96;%;Human voice - Singing;
280324;MP08bis - Vrijthof;29/07/2022 15:02:59.842;16;;98;%;Transport road - Siren;
280324;MP08bis - Vrijthof;05/08/2022 02:40:05.341;16;;0;%;Unsupported;
280324;MP08bis - Vrijthof;05/08/2022 07:57:23.415;16;;0;%;Unsupported;
280324;MP08bis - Vrijthof;05/08/2022 07:58:02.414;16;;0;%;Unsupported;
280324;MP08bis - Vrijthof;05/08/2022 07:59:40.416;16;;0;%;Unsupported;
280324;MP08bis - Vrijthof;05/08/2022 08:00:22.416;16;;0;%;Unsupported;
280324;MP08bis - Vrijthof;05/08/2022 08:00:33.415;16;;0;%;Unsupported;
280324;MP08bis - Vrijthof;05/08/2022 08:04:14.417;16;;0;%;Unsupported;
280324;MP08bis - Vrijthof;05/08/2022 08:12:18.418;16;;0;%;Unsupported;
280324;MP08bis - Vrijthof;05/08/2022 08:14:20.419;16;;0;%;Unsupported;
280324;MP08bis - Vrijthof;05/08/2022 08:28:43.422;16;;0;%;Unsupported;
280324;MP08bis - Vrijthof;05/08/2022 08:29:21.422;16;;0;%;Unsupported;
280324;MP08bis - Vrijthof;05/08/2022 08:30:04.422;16;;0;%;Unsupported;
280324;MP08bis - Vrijthof;05/08/2022 08:31:11.422;16;;78;%;Human voice - Singing;
280324;MP08bis - Vrijthof;05/08/2022 08:31:18.422;16;;0;%;Unsupported;
280324;MP08bis - Vrijthof;05/08/2022 08:31:54.423;16;;0;%;Unsupported;
280324;MP08bis - Vrijthof;05/08/2022 08:32:15.423;16;;0;%;Unsupported;
280324;MP08bis - Vrijthof;05/08/2022 08:33:46.423;16;;0;%;Unsupported;
280324;MP08bis - Vrijthof;05/08/2022 08:38:48.425;16;;0;%;Unsupported;
280324;MP08bis - Vrijthof;05/08/2022 08:39:30.424;16;;0;%;Unsupported;
280324;MP08bis - Vrijthof;05/08/2022 08:39:56.425;16;;99;%;Human voice - Singing;
280324;MP08bis - Vrijthof;05/08/2022 09:46:42.440;16;;89;%;Human voice - Singing;
280324;MP08bis - Vrijthof;05/08/2022 09:47:46.441;16;;0;%;Unsupported;
280324;MP08bis - Vrijthof;05/08/2022 09:48:22.440;16;;96;%;Human voice - Singing;
280324;MP08bis - Vrijthof;05/08/2022 09:48:32.440;16;;0;%;Unsupported;
280324;MP08bis - Vrijthof;05/08/2022 09:48:43.441;16;;0;%;Unsupported;
280324;MP08bis - Vrijthof;05/08/2022 09:49:35.440;16;;0;%;Unsupported;
280324;MP08bis - Vrijthof;05/08/2022 09:50:13.441;16;;0;%;Unsupported;
280324;MP08bis - Vrijthof;05/08/2022 09:50:26.441;16;;0;%;Unsupported;
280324;MP08bis - Vrijthof;05/08/2022 09:52:58.441;16;;0;%;Unsupported;
280324;MP08bis - Vrijthof;05/08/2022 09:53:20.441;16;;0;%;Unsupported;
280324;MP08bis - Vrijthof;05/08/2022 10:10:26.446;16;;96;%;Human voice - Singing;
280324;MP08bis - Vrijthof;05/08/2022 10:14:11.447;16;;0;%;Unsupported;
280324;MP08bis - Vrijthof;05/08/2022 10:19:08.448;16;;0;%;Unsupported;
280324;MP08bis - Vrijthof;05/08/2022 11:12:23.462;16;;0;%;Unsupported;
280324;MP08bis - Vrijthof;05/08/2022 11:12:34.461;16;;0;%;Unsupported;
280324;MP08bis - Vrijthof;05/08/2022 11:15:13.462;16;;0;%;Unsupported;
280324;MP08bis - Vrijthof;05/08/2022 11:15:31.462;16;;100;%;Human voice - Singing;
280324;MP08bis - Vrijthof;05/08/2022 11:18:24.463;16;;0;%;Unsupported;
280324;MP08bis - Vrijthof;05/08/2022 11:21:10.464;16;;100;%;Human voice - Singing;
280324;MP08bis - Vrijthof;05/08/2022 11:21:50.463;16;;0;%;Unsupported;
280324;MP08bis - Vrijthof;05/08/2022 11:21:59.463;16;;80;%;Human voice - Singing;
280324;MP08bis - Vrijthof;05/08/2022 11:22:13.464;16;;98;%;Human voice - Singing;
280324;MP08bis - Vrijthof;05/08/2022 11:22:25.463;16;;0;%;Unsupported;
280324;MP08bis - Vrijthof;05/08/2022 11:26:13.465;16;;100;%;Human voice - Singing;
280324;MP08bis - Vrijthof;05/08/2022 11:26:21.465;16;;0;%;Unsupported;
280324;MP08bis - Vrijthof;05/08/2022 11:29:08.466;16;;0;%;Unsupported;
280324;MP08bis - Vrijthof;05/08/2022 14:21:00.515;16;;100;%;Human voice - Singing;
280324;MP08bis - Vrijthof;05/08/2022 14:21:16.516;16;;0;%;Unsupported;
280324;MP08bis - Vrijthof;05/08/2022 14:22:08.517;16;;98;%;Human voice - Singing;
280324;MP08bis - Vrijthof;05/08/2022 14:22:59.516;16;;0;%;Unsupported;
280324;MP08bis - Vrijthof;05/08/2022 14:23:18.516;16;;0;%;Unsupported;
280324;MP08bis - Vrijthof;05/08/2022 14:23:53.517;16;;99;%;Human voice - Singing;
280324;MP08bis - Vrijthof;05/08/2022 14:24:37.517;16;;96;%;Human voice - Singing;
280324;MP08bis - Vrijthof;05/08/2022 14:25:11.517;16;;90;%;Human voice - Singing;
280324;MP08bis - Vrijthof;05/08/2022 14:25:28.517;16;;0;%;Unsupported;
280324;MP08bis - Vrijthof;05/08/2022 14:25:43.516;16;;91;%;Human voice - Singing;
280324;MP08bis - Vrijthof;05/08/2022 14:25:56.516;16;;97;%;Human voice - Singing;
280324;MP08bis - Vrijthof;05/08/2022 14:26:04.516;16;;83;%;Human voice - Singing;
280324;MP08bis - Vrijthof;05/08/2022 14:26:28.517;16;;100;%;Human voice - Singing;
280324;MP08bis - Vrijthof;05/08/2022 14:26:59.517;16;;0;%;Unsupported;
280324;MP08bis - Vrijthof;05/08/2022 14:27:09.517;16;;100;%;Human voice - Singing;
280324;MP08bis - Vrijthof;05/08/2022 14:27:15.517;16;;100;%;Human voice - Singing;
280324;MP08bis - Vrijthof;05/08/2022 14:27:25.517;16;;98;%;Human voice - Singing;
280324;MP08bis - Vrijthof;05/08/2022 14:27:35.517;16;;79;%;Human voice - Singing;
280324;MP08bis - Vrijthof;05/08/2022 14:27:47.518;16;;0;%;Unsupported;
280324;MP08bis - Vrijthof;05/08/2022 14:27:53.517;16;;80;%;Human voice - Singing;
280324;MP08bis - Vrijthof;05/08/2022 14:30:23.520;16;;0;%;Unsupported;
280324;MP08bis - Vrijthof;05/08/2022 15:09:33.528;16;;0;%;Unsupported;
280324;MP08bis - Vrijthof;05/08/2022 15:29:12.534;16;;0;%;Unsupported;
280324;MP08bis - Vrijthof;05/08/2022 15:29:16.533;16;;100;%;Human voice - Singing;
280324;MP08bis - Vrijthof;05/08/2022 15:29:33.534;16;;0;%;Unsupported;
280324;MP08bis - Vrijthof;05/08/2022 15:29:40.534;16;;96;%;Human voice - Singing;
280324;MP08bis - Vrijthof;05/08/2022 15:29:45.534;16;;0;%;Unsupported;
280324;MP08bis - Vrijthof;05/08/2022 15:35:28.535;16;;0;%;Unsupported;
280324;MP08bis - Vrijthof;06/08/2022 09:02:11.758;16;;92;%;Human voice - Singing;
280324;MP08bis - Vrijthof;06/08/2022 09:03:21.757;16;;99;%;Human voice - Singing;
280324;MP08bis - Vrijthof;06/08/2022 09:05:52.758;16;;0;%;Unsupported;
280324;MP08bis - Vrijthof;06/08/2022 09:55:22.768;16;;0;%;Unsupported;
280324;MP08bis - Vrijthof;06/08/2022 10:29:38.776;16;;0;%;Unsupported;
280324;MP08bis - Vrijthof;06/08/2022 10:34:48.777;16;;0;%;Unsupported;
280324;MP08bis - Vrijthof;06/08/2022 10:34:56.778;16;;80;%;Human voice - Singing;
280324;MP08bis - Vrijthof;06/08/2022 10:35:05.777;16;;0;%;Unsupported;
280324;MP08bis - Vrijthof;06/08/2022 10:35:14.778;16;;99;%;Human voice - Singing;
280324;MP08bis - Vrijthof;06/08/2022 10:39:42.778;16;;78;%;Human voice - Singing;
280324;MP08bis - Vrijthof;06/08/2022 10:44:59.780;16;;0;%;Unsupported;
280324;MP08bis - Vrijthof;06/08/2022 10:49:39.781;16;;0;%;Unsupported;
280324;MP08bis - Vrijthof;06/08/2022 11:24:06.790;16;;83;%;Human voice - Singing;
280324;MP08bis - Vrijthof;06/08/2022 11:24:55.790;16;;100;%;Human voice - Singing;
280324;MP08bis - Vrijthof;06/08/2022 11:26:40.791;16;;0;%;Unsupported;
280324;MP08bis - Vrijthof;06/08/2022 11:35:02.793;16;;100;%;Human voice - Singing;
280324;MP08bis - Vrijthof;06/08/2022 13:12:08.821;16;;93;%;Human voice - Singing;
280324;MP08bis - Vrijthof;06/08/2022 13:12:46.821;16;;0;%;Unsupported;
280324;MP08bis - Vrijthof;06/08/2022 13:19:40.824;16;;99;%;Human voice - Singing;
280324;MP08bis - Vrijthof;06/08/2022 13:19:45.823;16;;0;%;Unsupported;
280324;MP08bis - Vrijthof;06/08/2022 13:19:51.823;16;;75;%;Human voice - Singing;
280324;MP08bis - Vrijthof;07/08/2022 16:48:27.225;16;;97;%;Transport road - Passenger car;
280324;MP08bis - Vrijthof;07/08/2022 17:26:09.236;16;;0;%;Unsupported;
280324;MP08bis - Vrijthof;08/08/2022 07:31:05.436;16;;0;%;Unsupported;
280324;MP08bis - Vrijthof;08/08/2022 07:32:37.436;16;;100;%;Human voice - Singing;
280324;MP08bis - Vrijthof;08/08/2022 07:32:44.437;16;;0;%;Unsupported;
280324;MP08bis - Vrijthof;08/08/2022 07:33:00.437;16;;0;%;Unsupported;
280324;MP08bis - Vrijthof;08/08/2022 07:33:23.437;16;;0;%;Unsupported;
280324;MP08bis - Vrijthof;08/08/2022 07:33:55.436;16;;83;%;Human voice - Singing;
280324;MP08bis - Vrijthof;08/08/2022 07:34:05.437;16;;80;%;Human voice - Singing;
280324;MP08bis - Vrijthof;08/08/2022 07:34:14.437;16;;100;%;Human voice - Singing;
280324;MP08bis - Vrijthof;08/08/2022 08:15:51.445;16;;0;%;Unsupported;
280324;MP08bis - Vrijthof;08/08/2022 08:15:56.445;16;;0;%;Unsupported;
280324;MP08bis - Vrijthof;08/08/2022 08:16:52.445;16;;0;%;Unsupported;
280324;MP08bis - Vrijthof;08/08/2022 08:20:40.446;16;;97;%;Human voice - Singing;
280324;MP08bis - Vrijthof;08/08/2022 08:21:30.446;16;;0;%;Unsupported;
280324;MP08bis - Vrijthof;08/08/2022 12:45:54.520;16;;0;%;Unsupported;
280324;MP08bis - Vrijthof;08/08/2022 12:46:18.514;16;;97;%;Human voice - Singing;
280324;MP08bis - Vrijthof;08/08/2022 12:47:37.514;16;;0;%;Unsupported;
280324;MP08bis - Vrijthof;08/08/2022 12:47:58.514;16;;99;%;Human voice - Singing;
280324;MP08bis - Vrijthof;08/08/2022 12:49:07.515;16;;95;%;Human voice - Singing;
280324;MP08bis - Vrijthof;08/08/2022 12:51:24.515;16;;0;%;Unsupported;
280324;MP08bis - Vrijthof;08/08/2022 12:51:46.516;16;;99;%;Human voice - Singing;
280324;MP08bis - Vrijthof;08/08/2022 12:51:54.516;16;;0;%;Unsupported;
280324;MP08bis - Vrijthof;08/08/2022 12:54:07.517;16;;0;%;Unsupported;
280324;MP08bis - Vrijthof;08/08/2022 12:54:19.516;16;;100;%;Human voice - Singing;
280324;MP08bis - Vrijthof;08/08/2022 13:09:07.521;16;;96;%;Human voice - Singing;
280324;MP08bis - Vrijthof;08/08/2022 13:09:17.521;16;;99;%;Human voice - Singing;
280324;MP08bis - Vrijthof;08/08/2022 13:09:43.522;16;;95;%;Human voice - Singing;
280324;MP08bis - Vrijthof;08/08/2022 13:10:15.521;16;;93;%;Human voice - Singing;
280324;MP08bis - Vrijthof;08/08/2022 13:17:16.524;16;;0;%;Unsupported;
280324;MP08bis - Vrijthof;08/08/2022 13:21:53.525;16;;0;%;Unsupported;
280324;MP08bis - Vrijthof;08/08/2022 13:23:15.525;16;;99;%;Human voice - Singing;
280324;MP08bis - Vrijthof;08/08/2022 14:54:11.552;16;;95;%;Human voice - Singing;
280324;MP08bis - Vrijthof;08/08/2022 14:54:57.552;16;;84;%;Human voice - Singing;
280324;MP08bis - Vrijthof;08/08/2022 14:55:06.553;16;;0;%;Unsupported;
280324;MP08bis - Vrijthof;08/08/2022 14:55:11.553;16;;0;%;Unsupported;
280324;MP08bis - Vrijthof;08/08/2022 14:56:19.552;16;;0;%;Unsupported;
280324;MP08bis - Vrijthof;08/08/2022 14:59:33.554;16;;0;%;Unsupported;
280324;MP08bis - Vrijthof;08/08/2022 15:02:36.554;16;;97;%;Human voice - Singing;
280324;MP08bis - Vrijthof;08/08/2022 15:02:43.555;16;;100;%;Human voice - Singing;
280324;MP08bis - Vrijthof;08/08/2022 15:03:00.554;16;;83;%;Human voice - Singing;
280324;MP08bis - Vrijthof;08/08/2022 15:03:07.555;16;;0;%;Unsupported;
280324;MP08bis - Vrijthof;08/08/2022 15:03:18.555;16;;100;%;Human voice - Singing;
280324;MP08bis - Vrijthof;08/08/2022 15:03:24.555;16;;80;%;Human voice - Singing;
280324;MP08bis - Vrijthof;08/08/2022 15:03:32.555;16;;89;%;Human voice - Singing;
280324;MP08bis - Vrijthof;08/08/2022 15:03:50.555;16;;87;%;Human voice - Singing;
280324;MP08bis - Vrijthof;08/08/2022 15:04:05.556;16;;0;%;Unsupported;
280324;MP08bis - Vrijthof;08/08/2022 15:06:34.556;16;;0;%;Unsupported;
280324;MP08bis - Vrijthof;08/08/2022 15:13:59.557;16;;0;%;Unsupported;
280324;MP08bis - Vrijthof;08/08/2022 15:17:02.558;16;;0;%;Unsupported;
280324;MP08bis - Vrijthof;08/08/2022 15:24:42.560;16;;0;%;Unsupported;
280324;MP08bis - Vrijthof;08/08/2022 15:25:23.561;16;;0;%;Unsupported;
280324;MP08bis - Vrijthof;08/08/2022 15:27:01.561;16;;0;%;Unsupported;
280324;MP08bis - Vrijthof;08/08/2022 15:27:53.561;16;;98;%;Human voice - Singing;
280324;MP08bis - Vrijthof;09/08/2022 10:00:23.839;16;;97;%;Human voice - Singing;
280324;MP08bis - Vrijthof;09/08/2022 10:02:06.838;16;;99;%;Human voice - Singing;
280324;MP08bis - Vrijthof;09/08/2022 10:02:57.839;16;;0;%;Unsupported;
280324;MP08bis - Vrijthof;09/08/2022 10:03:26.839;16;;100;%;Human voice - Singing;
280324;MP08bis - Vrijthof;09/08/2022 10:05:32.839;16;;0;%;Unsupported;
280324;MP08bis - Vrijthof;09/08/2022 10:06:22.840;16;;100;%;Human voice - Singing;
280324;MP08bis - Vrijthof;09/08/2022 10:07:21.840;16;;80;%;Human voice - Singing;
280324;MP08bis - Vrijthof;09/08/2022 10:27:55.845;16;;0;%;Unsupported;
280324;MP08bis - Vrijthof;09/08/2022 10:46:08.851;16;;0;%;Unsupported;
280324;MP08bis - Vrijthof;09/08/2022 10:49:47.851;16;;0;%;Unsupported;
280324;MP08bis - Vrijthof;09/08/2022 15:14:35.930;16;;98;%;Human voice - Singing;
280324;MP08bis - Vrijthof;09/08/2022 15:23:35.932;16;;97;%;Human voice - Singing;
280324;MP08bis - Vrijthof;09/08/2022 15:27:04.933;16;;96;%;Human voice - Singing;
280324;MP08bis - Vrijthof;09/08/2022 15:29:03.935;16;;0;%;Unsupported;
280324;MP08bis - Vrijthof;09/08/2022 15:45:27.939;16;;0;%;Unsupported;
280324;MP08bis - Vrijthof;10/08/2022 11:15:20.248;16;;0;%;Unsupported;
280324;MP08bis - Vrijthof;10/08/2022 11:17:29.249;16;;0;%;Unsupported;
280324;MP08bis - Vrijthof;10/08/2022 11:18:00.249;16;;98;%;Human voice - Singing;
280324;MP08bis - Vrijthof;10/08/2022 11:18:20.249;16;;100;%;Human voice - Singing;
280324;MP08bis - Vrijthof;10/08/2022 11:18:28.249;16;;100;%;Human voice - Singing;
280324;MP08bis - Vrijthof;10/08/2022 11:19:47.249;16;;0;%;Unsupported;
280324;MP08bis - Vrijthof;10/08/2022 11:19:54.250;16;;94;%;Human voice - Singing;
280324;MP08bis - Vrijthof;10/08/2022 11:22:38.250;16;;92;%;Human voice - Singing;
280324;MP08bis - Vrijthof;10/08/2022 11:24:44.251;16;;96;%;Human voice - Singing;
280324;MP08bis - Vrijthof;10/08/2022 11:25:02.251;16;;0;%;Unsupported;
280324;MP08bis - Vrijthof;10/08/2022 11:25:16.251;16;;97;%;Human voice - Singing;
280324;MP08bis - Vrijthof;10/08/2022 11:25:51.251;16;;87;%;Human voice - Singing;
280324;MP08bis - Vrijthof;10/08/2022 11:27:49.252;16;;99;%;Human voice - Singing;
280324;MP08bis - Vrijthof;10/08/2022 11:41:47.256;16;;0;%;Unsupported;
280324;MP08bis - Vrijthof;10/08/2022 11:42:15.256;16;;0;%;Unsupported;
280324;MP08bis - Vrijthof;10/08/2022 11:54:49.260;16;;0;%;Unsupported;
280324;MP08bis - Vrijthof;10/08/2022 13:36:41.290;16;;99;%;Human voice - Singing;
280324;MP08bis - Vrijthof;10/08/2022 13:40:19.291;16;;98;%;Human voice - Singing;
280324;MP08bis - Vrijthof;10/08/2022 13:40:31.291;16;;0;%;Unsupported;
280324;MP08bis - Vrijthof;10/08/2022 13:41:08.292;16;;94;%;Human voice - Singing;
280324;MP08bis - Vrijthof;10/08/2022 13:41:34.292;16;;79;%;Human voice - Singing;
280324;MP08bis - Vrijthof;10/08/2022 13:41:45.292;16;;0;%;Unsupported;
280324;MP08bis - Vrijthof;10/08/2022 13:42:01.292;16;;100;%;Human voice - Singing;
280324;MP08bis - Vrijthof;10/08/2022 13:42:13.292;16;;96;%;Human voice - Singing;
280324;MP08bis - Vrijthof;10/08/2022 13:42:26.291;16;;0;%;Unsupported;
280324;MP08bis - Vrijthof;10/08/2022 13:43:26.292;16;;0;%;Unsupported;
280324;MP08bis - Vrijthof;10/08/2022 13:45:03.292;16;;99;%;Human voice - Singing;
280324;MP08bis - Vrijthof;10/08/2022 13:46:02.293;16;;100;%;Human voice - Singing;
280324;MP08bis - Vrijthof;10/08/2022 13:55:45.295;16;;99;%;Human voice - Singing;
280324;MP08bis - Vrijthof;10/08/2022 16:10:07.337;16;;100;%;Human voice - Singing;
280324;MP08bis - Vrijthof;10/08/2022 16:28:21.342;16;;0;%;Unsupported;
280324;MP08bis - Vrijthof;10/08/2022 16:28:27.342;16;;0;%;Unsupported;
280324;MP08bis - Vrijthof;10/08/2022 16:28:37.343;16;;0;%;Unsupported;
280324;MP08bis - Vrijthof;10/08/2022 16:30:01.343;16;;98;%;Human voice - Singing;
280324;MP08bis - Vrijthof;10/08/2022 16:30:49.343;16;;83;%;Human voice - Singing;
280324;MP08bis - Vrijthof;10/08/2022 16:31:00.344;16;;80;%;Human voice - Singing;
280324;MP08bis - Vrijthof;10/08/2022 16:31:23.343;16;;81;%;Human voice - Singing;
280324;MP08bis - Vrijthof;10/08/2022 16:31:33.343;16;;0;%;Unsupported;
280324;MP08bis - Vrijthof;10/08/2022 16:31:51.344;16;;95;%;Human voice - Singing;
280324;MP08bis - Vrijthof;10/08/2022 16:31:58.344;16;;0;%;Unsupported;
280324;MP08bis - Vrijthof;10/08/2022 16:32:03.344;16;;100;%;Human voice - Singing;
280324;MP08bis - Vrijthof;10/08/2022 16:32:11.343;16;;0;%;Unsupported;
280324;MP08bis - Vrijthof;10/08/2022 16:32:36.344;16;;0;%;Unsupported;
280324;MP08bis - Vrijthof;10/08/2022 16:32:41.343;16;;0;%;Unsupported;
280324;MP08bis - Vrijthof;10/08/2022 16:33:16.344;16;;0;%;Unsupported;
280324;MP08bis - Vrijthof;24/08/2022 14:58:00.802;16;;98;%;Transport road - Siren;
280324;MP08bis - Vrijthof;26/08/2022 15:43:04.799;16;;99;%;Transport road - Siren;
280324;MP08bis - Vrijthof;02/09/2022 13:45:59.477;16;;100;%;Transport road - Passenger car;
280324;MP08bis - Vrijthof;02/09/2022 13:46:09.478;16;;96;%;Transport road - Passenger car;
280324;MP08bis - Vrijthof;05/09/2022 13:38:14.266;16;;86;%;Transport road - Siren;
280324;MP08bis - Vrijthof;06/09/2022 19:24:19.757;16;;87;%;Transport road - Siren;
280324;MP08bis - Vrijthof;08/09/2022 21:20:34.528;16;;84;%;Transport road - Passenger car;
280324;MP08bis - Vrijthof;08/09/2022 21:22:43.527;16;;0;%;Unsupported;
280324;MP08bis - Vrijthof;08/09/2022 21:26:47.528;16;;0;%;Unsupported;
280324;MP08bis - Vrijthof;08/09/2022 21:29:29.528;16;;0;%;Unsupported;
280324;MP08bis - Vrijthof;09/09/2022 12:18:43.708;16;;100;%;Transport road - Siren;
280324;MP08bis - Vrijthof;14/09/2022 06:39:23.533;16;;96;%;Human voice - Shouting;
280324;MP08bis - Vrijthof;29/09/2022 15:02:43.694;16;;0;%;Unsupported;
280324;MP08bis - Vrijthof;29/09/2022 15:07:49.694;16;;96;%;Human voice - Singing;
280324;MP08bis - Vrijthof;29/09/2022 15:08:02.694;16;;98;%;Human voice - Singing;
280324;MP08bis - Vrijthof;29/09/2022 15:08:10.694;16;;85;%;Human voice - Singing;
280324;MP08bis - Vrijthof;29/09/2022 15:08:25.694;16;;0;%;Unsupported;
280324;MP08bis - Vrijthof;30/09/2022 00:11:48.797;16;;0;%;Unsupported;
280324;MP08bis - Vrijthof;01/10/2022 04:24:43.611;16;;100;%;Nature elements - Wind;
280324;MP08bis - Vrijthof;03/10/2022 10:23:18.223;16;;0;%;Unsupported;
280324;MP08bis - Vrijthof;03/10/2022 10:24:24.223;16;;0;%;Unsupported;
280324;MP08bis - Vrijthof;03/10/2022 10:52:42.228;16;;100;%;Human voice - Singing;
280324;MP08bis - Vrijthof;03/10/2022 10:59:59.227;16;;88;%;Human voice - Singing;
280324;MP08bis - Vrijthof;03/10/2022 11:03:26.229;16;;0;%;Unsupported;
280324;MP08bis - Vrijthof;03/10/2022 11:03:45.229;16;;80;%;Human voice - Singing;
280324;MP08bis - Vrijthof;03/10/2022 11:04:21.230;16;;86;%;Human voice - Singing;
280324;MP08bis - Vrijthof;03/10/2022 11:06:51.230;16;;0;%;Unsupported;
280324;MP08bis - Vrijthof;03/10/2022 11:36:00.236;16;;82;%;Human voice - Singing;
280324;MP08bis - Vrijthof;03/10/2022 11:40:48.236;16;;0;%;Unsupported;
280324;MP08bis - Vrijthof;03/10/2022 11:54:17.239;16;;0;%;Unsupported;
280324;MP08bis - Vrijthof;03/10/2022 14:15:42.270;16;;100;%;Human voice - Singing;
280324;MP08bis - Vrijthof;03/10/2022 14:17:11.270;16;;80;%;Human voice - Singing;
280324;MP08bis - Vrijthof;03/10/2022 15:27:53.286;16;;0;%;Unsupported;
280324;MP08bis - Vrijthof;03/10/2022 17:07:48.307;16;;95;%;Human voice - Singing;
280324;MP08bis - Vrijthof;03/10/2022 17:07:57.309;16;;0;%;Unsupported;
280324;MP08bis - Vrijthof;03/10/2022 17:08:28.308;16;;0;%;Unsupported;
280324;MP08bis - Vrijthof;03/10/2022 17:13:05.309;16;;99;%;Human voice - Singing;
280324;MP08bis - Vrijthof;03/10/2022 17:14:59.309;16;;82;%;Human voice - Singing;
280324;MP08bis - Vrijthof;03/10/2022 17:27:25.312;16;;87;%;Human voice - Singing;
280324;MP08bis - Vrijthof;03/10/2022 17:33:13.313;16;;79;%;Transport road - Passenger car;
280324;MP08bis - Vrijthof;03/10/2022 17:40:01.314;16;;0;%;Unsupported;
280324;MP08bis - Vrijthof;03/10/2022 17:40:27.315;16;;0;%;Unsupported;
280324;MP08bis - Vrijthof;03/10/2022 17:41:30.315;16;;98;%;Transport road - Passenger car;
280324;MP08bis - Vrijthof;03/10/2022 17:41:35.315;16;;0;%;Unsupported;
280324;MP08bis - Vrijthof;03/10/2022 17:42:43.316;16;;0;%;Unsupported;
280324;MP08bis - Vrijthof;03/10/2022 17:44:33.315;16;;0;%;Unsupported;
280324;MP08bis - Vrijthof;03/10/2022 17:44:38.316;16;;84;%;Transport road - Passenger car;
280324;MP08bis - Vrijthof;03/10/2022 17:55:55.318;16;;94;%;Transport road - Passenger car;
280324;MP08bis - Vrijthof;03/10/2022 18:08:01.320;16;;0;%;Unsupported;
280324;MP08bis - Vrijthof;03/10/2022 18:13:09.321;16;;0;%;Unsupported;
280324;MP08bis - Vrijthof;03/10/2022 18:13:29.322;16;;0;%;Unsupported;
280324;MP08bis - Vrijthof;03/10/2022 18:16:24.322;16;;0;%;Unsupported;
280324;MP08bis - Vrijthof;03/10/2022 18:19:03.323;16;;0;%;Unsupported;
280324;MP08bis - Vrijthof;03/10/2022 18:28:10.324;16;;83;%;Transport road - Passenger car;
280324;MP08bis - Vrijthof;03/10/2022 18:36:51.327;16;;77;%;Transport road - Passenger car;
280324;MP08bis - Vrijthof;03/10/2022 18:42:17.328;16;;0;%;Unsupported;
280324;MP08bis - Vrijthof;03/10/2022 18:45:49.328;16;;0;%;Unsupported;
280324;MP08bis - Vrijthof;03/10/2022 18:48:22.328;16;;0;%;Unsupported;
280324;MP08bis - Vrijthof;03/10/2022 18:51:55.328;16;;0;%;Unsupported;
280324;MP08bis - Vrijthof;04/10/2022 08:19:07.467;16;;77;%;Human voice - Singing;
280324;MP08bis - Vrijthof;04/10/2022 08:41:24.470;16;;98;%;Human voice - Singing;
280324;MP08bis - Vrijthof;04/10/2022 08:43:20.471;16;;0;%;Unsupported;
280324;MP08bis - Vrijthof;04/10/2022 08:54:35.473;16;;100;%;Human voice - Singing;
280324;MP08bis - Vrijthof;04/10/2022 09:19:28.476;16;;0;%;Unsupported;
280324;MP08bis - Vrijthof;04/10/2022 09:22:19.477;16;;87;%;Transport road - Passenger car;
280324;MP08bis - Vrijthof;04/10/2022 09:23:06.476;16;;0;%;Unsupported;
280324;MP08bis - Vrijthof;04/10/2022 09:53:36.481;16;;87;%;Human voice - Shouting;
280324;MP08bis - Vrijthof;04/10/2022 10:11:26.483;16;;0;%;Unsupported;
280324;MP08bis - Vrijthof;04/10/2022 10:11:44.484;16;;79;%;Human voice - Singing;
280324;MP08bis - Vrijthof;04/10/2022 10:12:13.484;16;;0;%;Unsupported;
280324;MP08bis - Vrijthof;04/10/2022 10:40:46.488;16;;0;%;Unsupported;
280324;MP08bis - Vrijthof;04/10/2022 10:42:33.489;16;;0;%;Unsupported;
280324;MP08bis - Vrijthof;04/10/2022 10:43:23.489;16;;0;%;Unsupported;
280324;MP08bis - Vrijthof;04/10/2022 11:10:35.493;16;;0;%;Unsupported;
280324;MP08bis - Vrijthof;04/10/2022 11:28:10.496;16;;0;%;Unsupported;
280324;MP08bis - Vrijthof;04/10/2022 11:58:39.501;16;;0;%;Unsupported;
280324;MP08bis - Vrijthof;04/10/2022 12:03:28.502;16;;0;%;Unsupported;
280324;MP08bis - Vrijthof;04/10/2022 13:36:12.520;16;;0;%;Unsupported;
280324;MP08bis - Vrijthof;04/10/2022 13:45:34.522;16;;0;%;Unsupported;
280324;MP08bis - Vrijthof;04/10/2022 13:46:18.522;16;;0;%;Unsupported;
280324;MP08bis - Vrijthof;04/10/2022 13:46:35.522;16;;0;%;Unsupported;
280324;MP08bis - Vrijthof;04/10/2022 14:15:55.528;16;;98;%;Transport road - Passenger car;
280324;MP08bis - Vrijthof;04/10/2022 14:18:45.528;16;;76;%;Transport road - Passenger car;
280324;MP08bis - Vrijthof;04/10/2022 14:21:51.530;16;;0;%;Unsupported;
280324;MP08bis - Vrijthof;04/10/2022 14:22:59.531;16;;91;%;Human voice - Singing;
280324;MP08bis - Vrijthof;04/10/2022 14:25:11.531;16;;0;%;Unsupported;
280324;MP08bis - Vrijthof;04/10/2022 14:35:30.533;16;;0;%;Unsupported;
280324;MP08bis - Vrijthof;04/10/2022 14:47:55.537;16;;0;%;Unsupported;
280324;MP08bis - Vrijthof;04/10/2022 14:51:03.536;16;;0;%;Unsupported;
280324;MP08bis - Vrijthof;04/10/2022 14:51:32.537;16;;0;%;Unsupported;
280324;MP08bis - Vrijthof;04/10/2022 14:57:01.538;16;;0;%;Unsupported;
280324;MP08bis - Vrijthof;04/10/2022 14:59:59.538;16;;0;%;Unsupported;
280324;MP08bis - Vrijthof;04/10/2022 15:02:58.539;16;;0;%;Unsupported;
280324;MP08bis - Vrijthof;04/10/2022 15:44:07.548;16;;0;%;Unsupported;
280324;MP08bis - Vrijthof;04/10/2022 15:44:11.548;16;;0;%;Unsupported;
280324;MP08bis - Vrijthof;04/10/2022 15:44:26.548;16;;0;%;Unsupported;
280324;MP08bis - Vrijthof;04/10/2022 17:00:52.565;16;;0;%;Unsupported;
280324;MP08bis - Vrijthof;04/10/2022 17:01:24.565;16;;0;%;Unsupported;
280324;MP08bis - Vrijthof;04/10/2022 17:01:37.566;16;;91;%;Transport road - Passenger car;
280324;MP08bis - Vrijthof;04/10/2022 17:06:22.566;16;;84;%;Human voice - Singing;
280324;MP08bis - Vrijthof;04/10/2022 17:07:16.567;16;;84;%;Transport road - Passenger car;
280324;MP08bis - Vrijthof;04/10/2022 17:07:39.567;16;;0;%;Unsupported;
280324;MP08bis - Vrijthof;04/10/2022 17:08:46.567;16;;0;%;Unsupported;
280324;MP08bis - Vrijthof;04/10/2022 17:11:03.568;16;;97;%;Human voice - Singing;
280324;MP08bis - Vrijthof;04/10/2022 17:12:20.568;16;;82;%;Human voice - Singing;
280324;MP08bis - Vrijthof;04/10/2022 18:17:58.582;16;;0;%;Unsupported;
280324;MP08bis - Vrijthof;05/10/2022 19:11:05.885;16;;86;%;Transport road - Siren;
280324;MP08bis - Vrijthof;07/10/2022 21:50:55.512;16;;100;%;Transport road - Siren;
280324;MP08bis - Vrijthof;08/10/2022 16:26:03.705;16;;0;%;Unsupported;
280324;MP08bis - Vrijthof;11/10/2022 10:26:50.364;16;;99;%;Transport road - Siren;
280324;MP08bis - Vrijthof;18/10/2022 21:39:02.114;16;;87;%;Transport road - Siren;
280324;MP08bis - Vrijthof;20/10/2022 01:30:43.430;16;;100;%;Transport road - Siren;
280324;MP08bis - Vrijthof;23/10/2022 17:46:09.340;16;;100;%;Transport road - Siren;
280324;MP08bis - Vrijthof;26/10/2022 10:00:22.493;16;;99;%;Transport road - Siren;
280324;MP08bis - Vrijthof;01/11/2022 18:05:44.267;16;;86;%;Transport road - Siren;
280324;MP08bis - Vrijthof;10/11/2022 14:10:54.543;16;;0;%;Unsupported;
280324;MP08bis - Vrijthof;11/11/2022 01:55:17.484;16;;100;%;Transport road - Siren;
280324;MP08bis - Vrijthof;17/11/2022 04:37:04.847;16;;100;%;Nature elements - Wind;
280324;MP08bis - Vrijthof;17/11/2022 04:48:38.847;16;;0;%;Unsupported;
280324;MP08bis - Vrijthof;18/11/2022 17:40:48.172;16;;0;%;Unsupported;
280324;MP08bis - Vrijthof;18/11/2022 19:35:50.189;16;;86;%;Transport road - Siren;
280324;MP08bis - Vrijthof;20/11/2022 19:02:11.974;16;;100;%;Nature elements - Wind;
280324;MP08bis - Vrijthof;22/11/2022 09:55:06.541;16;;97;%;Transport road - Siren;
280324;MP08bis - Vrijthof;25/11/2022 20:28:22.190;16;;92;%;Transport road - Siren;
280324;MP08bis - Vrijthof;26/11/2022 01:05:51.480;16;;100;%;Transport road - Siren;
280324;MP08bis - Vrijthof;28/11/2022 16:20:09.917;16;;100;%;Transport road - Siren;
280324;MP08bis - Vrijthof;01/12/2022 08:51:27.886;16;;99;%;Transport road - Siren;
280324;MP08bis - Vrijthof;20/12/2022 11:39:39.851;16;;99;%;Human voice - Singing;
280324;MP08bis - Vrijthof;23/12/2022 12:19:20.966;16;;100;%;Human voice - Shouting;
280324;MP08bis - Vrijthof;23/12/2022 12:22:20.966;16;;100;%;Human voice - Shouting;
280324;MP08bis - Vrijthof;23/12/2022 12:22:34.966;16;;100;%;Human voice - Shouting;
280324;MP08bis - Vrijthof;23/12/2022 12:22:59.966;16;;98;%;Human voice - Shouting;
280324;MP08bis - Vrijthof;23/12/2022 12:30:55.343;16;;0;%;Unsupported;
280324;MP08bis - Vrijthof;28/12/2022 18:32:11.900;16;;100;%;Nature elements - Wind;
280324;MP08bis - Vrijthof;29/12/2022 04:07:31.130;16;;0;%;Unsupported;
280324;MP08bis - Vrijthof;29/12/2022 08:02:12.162;16;;0;%;Unsupported;
280324;MP08bis - Vrijthof;29/12/2022 08:10:17.162;16;;0;%;Unsupported;
280324;MP08bis - Vrijthof;29/12/2022 09:08:11.171;16;;99;%;Human voice - Shouting;
280324;MP08bis - Vrijthof;30/12/2022 13:54:27.224;16;;99;%;Nature elements - Wind;
280324;MP08bis - Vrijthof;30/12/2022 13:56:57.225;16;;0;%;Unsupported;
280324;MP08bis - Vrijthof;30/12/2022 15:09:33.233;16;;100;%;Nature elements - Wind;
280324;MP08bis - Vrijthof;31/12/2022 12:01:26.480;16;;100;%;Nature elements - Wind;
